,Username,User id,User index
0,Monsieur Guillaume,0,0
1,morlockbob,1,1
2,SwatSh,2,2
3,BSI40,3,3
4,Lilly,4,4
6,grotesk,6,5
7,Jones,7,6
8,Greta,8,7
10,El Lorenzo207,10,8
11,plumesdanges,11,9
15,arnyanka,15,10
17,Des Jeux Une Fois,17,11
18,Foussa67,18,12
19,tapimoket,19,13
20,boardgameguix,20,14
21,thepetolet,21,15
22,Newton7900,22,16
23,trukmuch,23,17
27,zachtman,27,18
28,Ric555,28,19
29,Hagrael,29,20
30,Proute,30,21
31,fabrice1984,31,22
43,Sherinford,43,23
45,monkyky,45,24
46,fatmax66,46,25
47,Alvaten,47,26
49,dabiglulu2.0,49,27
52,César,52,28
54,ddbas,54,29
63,Hypermoi,63,30
64,le.meeple.jaune,64,31
69,Morfal,69,32
70,prunelles,70,33
71,Djinn42,71,34
72,Max Riock,72,35
73,NAT - GIFL,73,36
74,LedLink,74,37
77,ko-alalou,77,38
80,jullo,80,39
83,limp,83,40
84,studiordl,84,41
85,ocelau,85,42
86,Nicoduxx,86,43
88,thespios,88,44
90,LudiKev,90,45
91,serraangel,91,46
92,bacco,92,47
93,DidOo,93,48
94,Pac,94,49
95,XavO,95,50
96,Lunedor,96,51
97,Sebast,97,52
98,Oystercult,98,53
99,lynkowsky,99,54
100,L'idiot au pseudo trop long,100,55
101,mike35,101,56
102,Manu0801,102,57
103,pepou13,103,58
104,Actorios,104,59
105,Tartilou,105,60
106,le Zakhan noir,106,61
107,jquelin,107,62
108,shaudron,108,63
109,dabiglulu,109,64
110,Raphaël,110,65
111,Don Diego,111,66
112,Emmanuel.G,112,67
113,florica.fluture,113,68
114,KOLAN,114,69
115,Xav,115,70
116,Einherjer,116,71
117,Jorasses,117,72
118,Butch Cassidi,118,73
119,Guillaume,119,74
120,gwailo,120,75
121,Merciman,121,76
122,azerty2105,122,77
123,greg909,123,78
124,Serval-Wolverine,124,79
125,Jojo92,125,80
126,Skinner,126,81
127,MrHarris,127,82
128,Pickouette,128,83
129,Jetjet,129,84
130,ryosaeba,130,85
131,tantha lass,131,86
132,The MasK,132,87
133,Mr Shoggoth,133,88
134,wizzy,134,89
135,karpot,135,90
138,Alundra,138,91
139,montrem,139,92
141,catas,141,93
143,El Mago,143,94
145,ludodelaludo,145,95
146,Meyklar,146,96
149,veco,149,97
150,Salmanazar,150,98
156,Timi JeuxATheme,156,99
161,le jardinier,161,100
162,googa,162,101
164,aleph71,164,102
165,kakawette,165,103
166,Brissac,166,104
168,Antoinette,168,105
172,teq,172,106
177,fredoc,177,107
179,actionjoe13,179,108
180,Moyocoyani,180,109
181,Dabi,181,110
182,Nono,182,111
184,jmguiche,184,112
185,Lymon Flowers,185,113
187,theloma,187,114
189,Tetsuo37,189,115
195,Glakus,195,116
201,Gigi,201,117
202,LittleXmas,202,118
203,lepatoune,203,119
204,MisTeR ToON,204,120
208,PtitJu,208,121
216,Libraman,216,122
220,Chips,220,123
230,Sysyphus - Pommard,230,124
234,AlexBool,234,125
236,Franck77,236,126
237,Empédocle,237,127
248,coco13,248,128
249,Toriald,249,129
252,Rwain,252,130
253,Bobby,253,131
255,Les_jeux_en_folie,255,132
259,Lacuvee,259,133
262,SanglanteNora,262,134
264,Schtroumpf_74,264,135
265,Azaleen,265,136
268,axelian73,268,137
270,feoh,270,138
276,Mog,276,139
277,Pirate d'eau douce,277,140
280,stueur,280,141
282,Delf,282,142
284,Nico Explo,284,143
288,Didi5962,288,144
291,meliadus94,291,145
292,ToMAHaWK,292,146
293,Retrogamer,293,147
294,RP,294,148
295,ludocortex,295,149
296,easydoor,296,150
297,brunogaia,297,151
298,Franck19,298,152
300,alexgodlex,300,153
304,ombrelame,304,154
305,KraKen,305,155
317,perno,317,156
324,betasub,324,157
333,Guiz,333,158
334,adesco,334,159
335,Krrro,335,160
339,adel10,339,161
340,MajorThom,340,162
343,Mvgeek,343,163
348,melanoch_tagada,348,164
356,Immyr,356,165
357,McGray,357,166
359,Jeff_Graoully,359,167
362,Sale Gosse,362,168
364,yoda37,364,169
365,XanderLeaDaren,365,170
366,Le Grenier Ludique,366,171
369,Ced78,369,172
374,PapaJeux,374,173
377,pepetteuh,377,174
382,ioiocaro,382,175
383,bunnypookah,383,176
384,grojaky,384,177
385,Molmo,385,178
386,Arathelis,386,179
387,Nissa la Bella,387,180
394,POPY3030,394,181
398,Usk,398,182
400,Blanche-,400,183
402,TwinsenLBA,402,184
403,foufur,403,185
404,darthphil,404,186
405,Yet05,405,187
406,gilles355,406,188
407,Mi-Bantou,407,189
412,Itaciya,412,190
413,inapter,413,191
416,Cirth,416,192
420,Dexter269,420,193
421,armando,421,194
423,Apos,423,195
424,ShunSokaro,424,196
426,Gringo,426,197
428,LoLad,428,198
435,Harry Cover,435,199
436,kogaratsu,436,200
437,Ravage35170,437,201
438,Capalwest,438,202
440,Le Zeptien,440,203
443,NaHO,443,204
445,Himuraken,445,205
446,Tomawaky,446,206
454,Syr99,454,207
455,Marc Laumonier,455,208
456,kalimero,456,209
464,bachibouzouk,464,210
472,spiritofnothing,472,211
478,reskape.57,478,212
487,The Mad Gamer,487,213
490,dindon76,490,214
491,snaketc,491,215
494,famip,494,216
495,Glouglou26,495,217
498,naoko,498,218
501,Bron,501,219
505,Clemouth,505,220
512,DriByk,512,221
513,Cesium,513,222
515,calibre59,515,223
519,Chakado,519,224
528,Zogotounga,528,225
529,Micka18,529,226
539,letroyenfou,539,227
549,6*M*A*S*H,549,228
553,harveyfox,553,229
554,Wart,554,230
556,le coach,556,231
557,Ricardo,557,232
564,soze,564,233
571,el payo,571,234
574,backerfield,574,235
575,Mattintheweb,575,236
576,moiseursula,576,237
577,prems,577,238
578,leonmars,578,239
579,BDPHILOU,579,240
580,speanuts,580,241
581,Numero6,581,242
582,mistercyr,582,243
583,Atanaheim,583,244
584,Bis Minami,584,245
585,cedha2000,585,246
586,Tomdeath,586,247
587,Elendriel,587,248
588,morelju,588,249
589,Stouf,589,250
590,RickyPimous,590,251
591,rataté,591,252
592,cossack39,592,253
593,minotaure,593,254
594,madbubble,594,255
595,pounous,595,256
596,Albatur,596,257
597,Abienesst,597,258
598,Khelz,598,259
599,Primesinister,599,260
600,Khoriakei,600,261
601,fred1268,601,262
602,rafpark,602,263
603,lilajax,603,264
604,mementofinis1187,604,265
605,cgone,605,266
606,Mara,606,267
607,cannibalnico,607,268
608,archos,608,269
609,Salem2612,609,270
610,eberron,610,271
612,Nekromantik,612,272
613,odokorm,613,273
614,rugal,614,274
615,Capitaine Némo,615,275
616,Thilas,616,276
617,lobofanboy,617,277
618,Stornhill,618,278
621,cydream,621,279
622,plasticb,622,280
627,Genseric,627,281
631,chsic,631,282
636,Erlin,636,283
638,lABCdaire,638,284
646,MimietAlex,646,285
650,antartic,650,286
652,seb88100,652,287
653,jerome45,653,288
655,Briston,655,289
658,relacio,658,290
666,TROULULU,666,291
673,rominath,673,292
674,M.PinK,674,293
676,Janabis,676,294
686,amnesix,686,295
690,shilag,690,296
692,vaX Xav,692,297
702,cmsy,702,298
703,Scalpa,703,299
704,Cripure,704,300
706,betinet,706,301
712,dje03,712,302
717,romjé,717,303
718,timulacre,718,304
732,léo(nard),732,305
733,rammillica,733,306
735,Mathelin,735,307
739,Renaud_J_99,739,308
740,judograal,740,309
741,gepefun,741,310
746,Roger11,746,311
756,Virgile de Rais,756,312
762,Athanase,762,313
764,sgtpepere,764,314
766,Ricardo31,766,315
767,warlath,767,316
770,Dash911,770,317
771,Bubu2015,771,318
773,Arthas54,773,319
785,pirlouit,785,320
789,merlin2812,789,321
790,Oops,790,322
805,Thomas241193,805,323
806,brougnouff,806,324
807,KiwiToast,807,325
812,Eolindel,812,326
820,Dod,820,327
824,Pit0780,824,328
825,Pso76,825,329
826,TPatrick,826,330
828,LDO91,828,331
837,Zypher,837,332
839,big_billou,839,333
840,Rimsk,840,334
843,Gauche-à-Droite,843,335
856,Thibault B,856,336
858,alloleo,858,337
859,tof256,859,338
863,Aerth,863,339
864,capitainebarbe,864,340
865,Kane,865,341
866,SetteBello,866,342
867,DuncanIdaho,867,343
882,Lonni,882,344
883,honnis rime,883,345
885,Firemael,885,346
886,Gorthyn,886,347
887,charbo75,887,348
894,Foulous,894,349
901,Arsenus TV,901,350
902,elche1339,902,351
903,Durtal,903,352
905,Chanur,905,353
907,x-men,907,354
910,Dakelsandr,910,355
912,Patap's,912,356
918,Shakkah,918,357
919,Siegfried,919,358
928,GB777,928,359
932,gueva,932,360
933,Govin,933,361
934,Samy974,934,362
935,wesley,935,363
936,oliviers13,936,364
937,zanzeoo,937,365
938,ArzaK,938,366
939,Squell,939,367
942,Nanouille56,942,368
947,william150574,947,369
950,AJF-43,950,370
952,Artibus,952,371
955,PlateauMarmots,955,372
962,chumbs,962,373
967,iGarden,967,374
974,The Killer,974,375
979,SteveWarson,979,376
980,bz438,980,377
982,croquemort95,982,378
997,fofmu,997,379
998,Youkko,998,380
1000,Tomfuel,1000,381
1002,driepick,1002,382
1004,NaM2503,1004,383
1009,Varlsack,1009,384
1019,popol,1019,385
1021,Fred,1021,386
1022,ijayama,1022,387
1023,Jérémy39,1023,388
1029,_ChaM_,1029,389
1033,guimarie55,1033,390
1050,AM,1050,391
1051,mickarmeliet,1051,392
1053,pipoufle,1053,393
1067,elmagnifico03,1067,394
1068,Max4,1068,395
1078,MKultra,1078,396
1079,niavlys59,1079,397
1081,theaslan999,1081,398
1082,Albes,1082,399
1085,messahira,1085,400
1090,mickka.33,1090,401
1100,PaniQuest,1100,402
1101,monsieur Max,1101,403
1103,Cyssou37,1103,404
1104,Valousko,1104,405
1108,Nuclehon,1108,406
1109,stones90,1109,407
1114,giache,1114,408
1123,benjamin1901,1123,409
1127,meeyu,1127,410
1140,FixEd,1140,411
1146,kalkaoual,1146,412
1162,Clem_Achille,1162,413
1163,marvelarry,1163,414
1190,Lord Kalbut,1190,415
1191,glouglou,1191,416
1192,maksen,1192,417
1193,Groddur,1193,418
1194,Titoune,1194,419
1195,Hebus,1195,420
1196,Grogan23,1196,421
1197,Grenouille25,1197,422
1198,Logan,1198,423
1199,Meeeuuhhh,1199,424
1200,purave,1200,425
1201,mickey.bar,1201,426
1202,Alkaias,1202,427
1203,l'homme,1203,428
1204,JabbaTheHatt,1204,429
1205,Drago,1205,430
1206,Loran,1206,431
1207,MOz,1207,432
1208,Maitresinh,1208,433
1209,cedced,1209,434
1210,Ksempac,1210,435
1212,Shako,1212,436
1213,poifpoif,1213,437
1214,carmen,1214,438
1215,Pyjam,1215,439
1216,greuh,1216,440
1217,Nicarao,1217,441
1218,vince_jeux,1218,442
1219,stockilu,1219,443
1220,salouma,1220,444
1222,Korombos,1222,445
1223,Radge,1223,446
1224,Solipsiste,1224,447
1225,Lolive,1225,448
1244,matinciel,1244,449
1245,Khufu,1245,450
1252,Matt37,1252,451
1273,Renizgoud,1273,452
1274,shix,1274,453
1275,cho7,1275,454
1278,Daghe,1278,455
1279,Eyridïl,1279,456
1280,SmilingDreamer,1280,457
1285,Luin Gor,1285,458
1295,Dominique77,1295,459
1297,Paquerette,1297,460
1299,Gov,1299,461
1301,Marilyne,1301,462
1304,Alystayr,1304,463
1305,Nicodémus,1305,464
1323,Almiron,1323,465
1330,khaali,1330,466
1338,isma-33,1338,467
1342,redeagle,1342,468
1343,ndeclochez,1343,469
1346,PFL,1346,470
1357,Monsieur Phal,1357,471
1358,Lionel2212,1358,472
1361,bobdju,1361,473
1367,Madame Patricia,1367,474
1368,Dalrik,1368,475
1380,palferso,1380,476
1384,Cyberjey,1384,477
1385,Danywilde72,1385,478
1386,SireFlo,1386,479
1387,Mr. Zombi,1387,480
1413,kikesè,1413,481
1417,DocGuillaume,1417,482
1424,glourd,1424,483
1425,Running-man,1425,484
1434,Frenchcrusader,1434,485
1440,MrG0bi,1440,486
1441,Saleme,1441,487
1448,christophej2,1448,488
1450,Narcissse,1450,489
1468,gamerpassion,1468,490
1474,Badid,1474,491
1475,XavierDESIGN,1475,492
1479,pokéyé,1479,493
1481,tombrady69,1481,494
1482,guippy,1482,495
1483,project_k,1483,496
1484,catalud,1484,497
1486,Galien,1486,498
1502,LionelB,1502,499
1505,Penelope Gaming,1505,500
1507,clemz81,1507,501
1508,Maxbad,1508,502
1516,Paco33,1516,503
1522,yelf,1522,504
1533,beri,1533,505
1534,marcolaf,1534,506
1545,Benoit24,1545,507
1546,marie13300,1546,508
1558,lego,1558,509
1567,ZaTaWee,1567,510
1568,garion,1568,511
1570,DoudouB',1570,512
1579,diego6887,1579,513
1594,LTH,1594,514
1595,Hyperborée,1595,515
1596,CHRISTOV07,1596,516
1602,Midnight,1602,517
1609,Zul,1609,518
1611,francescoco,1611,519
1612,Al1_57,1612,520
1613,morty,1613,521
1626,thomass7,1626,522
1631,Buskapé,1631,523
1632,Pinovitch,1632,524
1633,groschattigre,1633,525
1636,Elniamor,1636,526
1644,Ratman,1644,527
1649,dugsyu,1649,528
1675,elrik,1675,529
1676,kaiser sauze,1676,530
1678,ene10shrek,1678,531
1685,Joker75,1685,532
1690,Opéraly,1690,533
1691,Graham,1691,534
1696,agony,1696,535
1697,NewTom,1697,536
1698,scratch6775,1698,537
1699,Regal247,1699,538
1714,boubastyle,1714,539
1719,klumpf,1719,540
1724,momov,1724,541
1725,Ingalls,1725,542
1726,natachou,1726,543
1727,Thomidi,1727,544
1728,Koko90,1728,545
1731,anemone,1731,546
1737,grandlapin,1737,547
1749,kavelone,1749,548
1753,Albator9008,1753,549
1754,Sardo,1754,550
1765,laurent36,1765,551
1766,Nours,1766,552
1770,PhilOllioules,1770,553
1774,darkgregius,1774,554
1787,dixdeder,1787,555
1796,andromak,1796,556
1800,the_real_hnk,1800,557
1804,Playmobile,1804,558
1810,Cobalt,1810,559
1811,YeN,1811,560
1815,ybkam,1815,561
1816,Lilian,1816,562
1817,Rémy-lee,1817,563
1818,pierre2.0,1818,564
1819,O_cedar,1819,565
1820,guilou05,1820,566
1821,oscardejarjayes,1821,567
1822,ElGrillo,1822,568
1823,Six,1823,569
1824,Christophe Massart,1824,570
1825,Sylvano,1825,571
1826,Derff,1826,572
1827,haplo,1827,573
1828,llc,1828,574
1829,Jesuska,1829,575
1830,Maurice la Grammaire,1830,576
1831,YoshiFR,1831,577
1832,zico,1832,578
1833,Slim,1833,579
1834,TALAOUI,1834,580
1835,Armazen,1835,581
1836,titi_british,1836,582
1837,vchadela,1837,583
1838,Chaostic,1838,584
1839,offshore,1839,585
1840,timtim7,1840,586
1841,aglaglas,1841,587
1842,sunn,1842,588
1843,therock,1843,589
1844,kmizole,1844,590
1845,Vauxhall,1845,591
1864,ZORG14,1864,592
1875,Mugi,1875,593
1886,shambhala,1886,594
1888,Blackrad,1888,595
1891,Variax,1891,596
1892,Thorden_Lyon,1892,597
1897,Guyomar,1897,598
1898,le Polack,1898,599
1899,starvince,1899,600
1900,Belboudin,1900,601
1901,rhossito,1901,602
1902,bub27,1902,603
1903,benben,1903,604
1904,damalock,1904,605
1905,Djez,1905,606
1906,MonsieurDe,1906,607
1907,Yzarc,1907,608
1908,daguiseb,1908,609
1909,TS Léodagan,1909,610
1910,Toftof,1910,611
1911,pingouin,1911,612
1912,lafronde,1912,613
1913,crossangel,1913,614
1914,richy777,1914,615
1915,Juzam,1915,616
1916,pierolalune,1916,617
1917,Helm Burf,1917,618
1918,dee2,1918,619
1919,capi-chou,1919,620
1920,Sticky Fingers,1920,621
1921,croustibar,1921,622
1922,manouch,1922,623
1923,trisskel,1923,624
1924,X-off,1924,625
1925,Kristoff,1925,626
1926,OFeuque,1926,627
1928,MisterGreen,1928,628
1929,Jeck,1929,629
1930,Sabyuka,1930,630
1931,Kevin Master,1931,631
1934,Philoo,1934,632
1936,yahndrev,1936,633
1937,Tonto,1937,634
1938,bilbo,1938,635
1939,JJL,1939,636
1940,allard92,1940,637
1941,Mafalda,1941,638
1942,eltonyo64,1942,639
1943,winforlife,1943,640
1944,grissom,1944,641
1945,Torg,1945,642
1946,laudaphnis,1946,643
1947,MrSel,1947,644
1948,RaoulVolfoni,1948,645
1949,espretie,1949,646
1950,Ymokal,1950,647
1951,tom-le-termite,1951,648
1953,bobdan19,1953,649
1954,Salmrhoc,1954,650
1955,Sparrow,1955,651
1956,tcamprubi,1956,652
1957,devoreur,1957,653
1958,HxC,1958,654
1959,Sicander vincit,1959,655
1960,jeanmi,1960,656
1961,Corwyn59,1961,657
1962,didshrek,1962,658
1963,DerWind,1963,659
1964,Christophe,1964,660
1965,slipkangoo,1965,661
1966,Charlie2000,1966,662
1967,massallian,1967,663
1968,Lambour,1968,664
1969,slar,1969,665
1970,gianakin,1970,666
1971,beubeuch,1971,667
1972,stanol69,1972,668
1973,davetness,1973,669
1974,poussin,1974,670
1975,metapsy,1975,671
1976,manu08,1976,672
1977,Monsieur Lézard,1977,673
1978,noade coco,1978,674
1979,sambot,1979,675
1982,miror59,1982,676
1985,Lord Pouet,1985,677
1987,Reso,1987,678
1989,draco,1989,679
1997,florentjfr,1997,680
1998,papoudark88,1998,681
1999,eipi,1999,682
2000,Jeffilia,2000,683
2001,herodote,2001,684
2004,Cilk,2004,685
2005,haplo92,2005,686
2006,petitpique,2006,687
2044,Markid,2044,688
2045,Paper1,2045,689
2047,Lapinesco,2047,690
2048,Lililice,2048,691
2049,Grovast,2049,692
2050,sylla,2050,693
2051,bokomeme,2051,694
2052,jahwork,2052,695
2053,oreclemage,2053,696
2060,doh,2060,697
2062,ping2ouf,2062,698
2069,lilikiwi,2069,699
2074,Datavinn,2074,700
2076,api25,2076,701
2089,Gamixlab,2089,702
2090,Batman,2090,703
2091,Archibald Tuttle,2091,704
2092,stalkerbzh,2092,705
2093,Bodycker,2093,706
2105,Les 1D6,2105,707
2106,jibee007,2106,708
2108,ben2471,2108,709
2109,Parinacotas,2109,710
2116,Obiatn,2116,711
2123,Vaguereiz,2123,712
2146,loupNaqala,2146,713
2148,orkajy,2148,714
2151,Armand,2151,715
2169,redskin,2169,716
2170,Velvetlad77,2170,717
2171,Hojyn,2171,718
2172,DomRdG,2172,719
2173,Tog,2173,720
2174,zorghk,2174,721
2180,drfox,2180,722
2181,Alix,2181,723
2182,Abedijah Jones,2182,724
2183,Zoulex,2183,725
2184,elficbar,2184,726
2185,madd,2185,727
2186,Usagi3,2186,728
2187,dumoncel,2187,729
2188,HeroquestFrance,2188,730
2189,grisbi,2189,731
2191,jolan,2191,732
2192,conor,2192,733
2194,latribuneludique,2194,734
2195,damos,2195,735
2197,quigonnico,2197,736
2198,dafine,2198,737
2199,pipoulette,2199,738
2204,crocs,2204,739
2222,battle man,2222,740
2231,Stefou747,2231,741
2241,Vinciane,2241,742
2242,Xavierécolo,2242,743
2243,Soeur Kool,2243,744
2244,est13,2244,745
2245,HeinekenSkywalker,2245,746
2246,kadotori,2246,747
2247,blandine23,2247,748
2248,Romanus,2248,749
2249,Le Glaude,2249,750
2250,target,2250,751
2251,pak,2251,752
2252,Teuf,2252,753
2253,Snakeyese,2253,754
2254,Kamelot,2254,755
2255,loic_425,2255,756
2256,imho,2256,757
2257,casper,2257,758
2258,Abzaron,2258,759
2259,Alandar,2259,760
2260,Frigobox Man,2260,761
2261,Cowboy Georges,2261,762
2262,soudeurbatteur1,2262,763
2263,vonashol,2263,764
2264,paulo,2264,765
2265,OursBleu,2265,766
2266,fred974,2266,767
2268,patoche_51,2268,768
2269,p-chan,2269,769
2272,grolapinos,2272,770
2273,BONY,2273,771
2274,Docky,2274,772
2275,Pyrope,2275,773
2276,patrice_m,2276,774
2277,Robbenblues,2277,775
2278,tran,2278,776
2279,roft,2279,777
2280,axel grenoble,2280,778
2281,Golden,2281,779
2282,RicoH,2282,780
2283,Fièvre Du Jeu,2283,781
2284,didiboubou,2284,782
2285,phil78,2285,783
2287,Pierrot le fou,2287,784
2288,Rafter,2288,785
2289,jibentus,2289,786
2290,forest,2290,787
2291,Helkroem,2291,788
2292,tifouch,2292,789
2293,Arrakhan,2293,790
2294,Maruk,2294,791
2295,Ludo33,2295,792
2296,zeroxceet,2296,793
2298,Konkav,2298,794
2300,Dncan,2300,795
2301,Jokari,2301,796
2302,antoinedebruxelles,2302,797
2303,bobby6killa,2303,798
2304,lalouz,2304,799
2305,Jacob101O,2305,800
2306,cmoi,2306,801
2307,aline2214,2307,802
2308,Minolio,2308,803
2309,hankk4,2309,804
2310,Nhafra,2310,805
2311,Banzaï30,2311,806
2312,Davador,2312,807
2313,sylv,2313,808
2314,karibou79,2314,809
2315,tenskwatawa,2315,810
2316,Findel,2316,811
2318,chewbamike,2318,812
2320,nicolasthomasse,2320,813
2322,Ludicat,2322,814
2323,Portoloups,2323,815
2330,thonatmat,2330,816
2332,sp3ctr,2332,817
2338,Pedroramollo,2338,818
2355,Joyland,2355,819
2362,deckard06,2362,820
2363,Toolex,2363,821
2375,lemming,2375,822
2379,Mel Breizh,2379,823
2384,Grunt,2384,824
2385,ManuFitz,2385,825
2386,zatistine,2386,826
2387,Tonino,2387,827
2388,Pascalito,2388,828
2389,scand1sk,2389,829
2390,Deckard,2390,830
2391,Yomgi44,2391,831
2392,alexisdpc,2392,832
2393,jetseb,2393,833
2394,brokoli,2394,834
2395,Blindman,2395,835
2396,Rédempteur,2396,836
2397,chaton27,2397,837
2398,Zous,2398,838
2399,sanyo.pachinko,2399,839
2400,Rod,2400,840
2401,Matchec,2401,841
2402,Lotus Ardent,2402,842
2403,Zakouski,2403,843
2404,OliveMontpellier,2404,844
2405,Nicowa,2405,845
2406,Arnaud79201,2406,846
2413,Basile Grimaud,2413,847
2429,JCLR,2429,848
2430,Biff,2430,849
2431,ElComandante,2431,850
2432,maximilien,2432,851
2433,Gildwin,2433,852
2434,Joshua,2434,853
2435,vlad,2435,854
2436,Poseidon94,2436,855
2437,silkim,2437,856
2438,Ouistoto,2438,857
2439,Snordal,2439,858
2440,Torenc,2440,859
2441,Mirage,2441,860
2442,LordSavoy,2442,861
2443,Pilpoil,2443,862
2444,kamus,2444,863
2445,Pyvert,2445,864
2446,galuf,2446,865
2453,Lyle,2453,866
2462,hublot,2462,867
2463,thx1139,2463,868
2464,Merome,2464,869
2479,evavy,2479,870
2482,Aigle_1,2482,871
2488,Forgoll,2488,872
2495,nico97470,2495,873
2513,Thornhill28,2513,874
2514,Pouch1,2514,875
2532,tonioone,2532,876
2536,misato,2536,877
2537,greenlion,2537,878
2538,Chico,2538,879
2539,nadoteki,2539,880
2540,docTV,2540,881
2541,Merlyin,2541,882
2542,Flogre,2542,883
2543,Zigimel,2543,884
2544,Ophidien,2544,885
2545,changa,2545,886
2546,pebe,2546,887
2547,Vieux chat,2547,888
2548,ArG!,2548,889
2549,plastic77,2549,890
2550,chedre31,2550,891
2551,Ed,2551,892
2552,Izobretenik,2552,893
2553,jeuxest,2553,894
2557,Dim,2557,895
2558,duinhir,2558,896
2559,Orchys,2559,897
2560,mistergluck,2560,898
2563,yvon de tarwac,2563,899
2566,HCN,2566,900
2583,ReiXou,2583,901
2584,Pifec,2584,902
2585,kurun,2585,903
2586,Temdès,2586,904
2587,Gxeltaz,2587,905
2588,Oxianne,2588,906
2589,Fulgan,2589,907
2590,Zarof,2590,908
2591,Smokan,2591,909
2592,papa_ours21,2592,910
2593,babaaast,2593,911
2594,PROPHETTE,2594,912
2595,Breizhman,2595,913
2596,KerouVim,2596,914
2597,dardar,2597,915
2598,Andycore,2598,916
2600,todj77,2600,917
2601,balu,2601,918
2602,bobhard,2602,919
2603,ds.laetitia,2603,920
2604,Smart Ant,2604,921
2606,zapata,2606,922
2607,phil35,2607,923
2612,Jack,2612,924
2613,Vanilendil,2613,925
2621,zorl,2621,926
2626,fknavarre,2626,927
2628,Isk90,2628,928
2629,ben_musmus,2629,929
2638,Manuk,2638,930
2643,Messy,2643,931
2663,DLegion,2663,932
2664,laurentbib,2664,933
2666,filraen,2666,934
2667,wondermiloose,2667,935
2669,philmarie,2669,936
2670,sunnynovitch,2670,937
2689,eldarh,2689,938
2695,aju26,2695,939
2696,Inca,2696,940
2697,ericbad,2697,941
2705,Cebru,2705,942
2706,Vicnet,2706,943
2707,Nir_en_Rüd,2707,944
2708,Green Giant,2708,945
2710,Gustiti,2710,946
2711,burnoo,2711,947
2713,cendrillon,2713,948
2715,Whismeryl,2715,949
2717,tennis,2717,950
2732,samontesa,2732,951
2739,Tidame,2739,952
2740,coutu,2740,953
2742,magicjl,2742,954
2743,barthimeus,2743,955
2747,ijonesjeux,2747,956
2749,Kootoh,2749,957
2752,nilsluc,2752,958
2753,JP,2753,959
2755,Cyrano,2755,960
2765,diez,2765,961
2773,Sylow,2773,962
2779,madtibo,2779,963
2783,Niec,2783,964
2785,rimoan,2785,965
2793,Christine Ludic,2793,966
2799,Takumi,2799,967
2800,Aurelien Le Magnifique,2800,968
2811,paikan77,2811,969
2812,nemo,2812,970
2813,Kiki59,2813,971
2814,usuledric,2814,972
2848,ericflute,2848,973
2851,Jipe,2851,974
2857,samuel2277,2857,975
2858,Kerquist,2858,976
2859,mart62,2859,977
2860,PawnPawn,2860,978
2861,chgus,2861,979
2862,Shanouillette,2862,980
2877,Chabousse,2877,981
2878,tibopatato,2878,982
2886,lachtite25,2886,983
2889,Prof Choron,2889,984
2890,Ceranor,2890,985
2891,JAD,2891,986
2892,Joël,2892,987
2893,diplojak,2893,988
2894,siedler.catan,2894,989
2896,Zemeckis,2896,990
2897,Le Ludueliste,2897,991
2899,Zombie Killer,2899,992
2900,Galagala,2900,993
2901,ioucounou,2901,994
2902,krapoto,2902,995
2903,lolo-ratchet,2903,996
2904,buyardbess,2904,997
2905,madchem,2905,998
2906,schnoubouf,2906,999
2907,tristelune,2907,1000
2926,Nelly,2926,1001
2927,Casy,2927,1002
2933,FlashMcQueen,2933,1003
2934,briquerouge,2934,1004
2935,beRtuj,2935,1005
2936,Blue,2936,1006
2937,fmoritel,2937,1007
2938,Marvin,2938,1008
2939,grogus,2939,1009
2940,wompat,2940,1010
2942,olivarius,2942,1011
2943,reskape57,2943,1012
2945,raceforthegalaxy,2945,1013
2954,Tetorino,2954,1014
2955,BARLOY,2955,1015
2956,Adrien Charles,2956,1016
2957,Shoum,2957,1017
2958,gogol1er,2958,1018
2959,Daev,2959,1019
2960,Franloop,2960,1020
2961,damaki,2961,1021
2962,chrislaut,2962,1022
2963,Oberon Grimwold,2963,1023
2965,PtitRomeo,2965,1024
2966,kalgon,2966,1025
2968,Mayoniaise,2968,1026
2969,Azticot,2969,1027
2970,Terry'eur,2970,1028
2979,Hadoken,2979,1029
2980,tyyler,2980,1030
2981,laurentB,2981,1031
2984,Arbre2vie,2984,1032
2985,Kid,2985,1033
2990,Lady_Moonlight,2990,1034
2994,Docteur Mops,2994,1035
2995,Palomides,2995,1036
2996,Wufnir,2996,1037
2997,Ornifan,2997,1038
2998,Tiko BreT,2998,1039
2999,Silveric,2999,1040
3000,giov,3000,1041
3001,sten,3001,1042
3002,L ombre de Pan,3002,1043
3003,Cédric B.,3003,1044
3004,epave de pwasson,3004,1045
3006,zebulon,3006,1046
3007,kwisatz,3007,1047
3008,Seb,3008,1048
3009,choubidou,3009,1049
3010,pandah,3010,1050
3035,IceScrat,3035,1051
3036,Ludo le gars,3036,1052
3044,Skaméléon,3044,1053
3049,Greystoke,3049,1054
3053,Alphide,3053,1055
3054,Daragorn,3054,1056
3056,LudoPhis,3056,1057
3063,dogea,3063,1058
3064,Vimaire,3064,1059
3065,_Gg,3065,1060
3066,Rob Goodwood,3066,1061
3067,fafa1er,3067,1062
3068,totophe,3068,1063
3069,Judek,3069,1064
3070,fabooloo,3070,1065
3071,666Raziel,3071,1066
3072,seb cebien,3072,1067
3073,trema,3073,1068
3074,Captainlille,3074,1069
3076,Equilibrium7,3076,1070
3077,Malou,3077,1071
3078,caransilman,3078,1072
3080,Garnelon,3080,1073
3084,Benisa63,3084,1074
3094,Topper,3094,1075
3095,Bikk,3095,1076
3102,CycyX,3102,1077
3112,AntoineG,3112,1078
3115,thia74,3115,1079
3118,Aurelie,3118,1080
3126,Gnoki,3126,1081
3137,Vince,3137,1082
3138,zorglub,3138,1083
3140,Acathla,3140,1084
3141,Mr Pomme,3141,1085
3142,Cormyr,3142,1086
3143,cerkan,3143,1087
3144,Doljin,3144,1088
3145,seboss,3145,1089
3147,Lothrim,3147,1090
3148,lossebiros,3148,1091
3149,Sylvain C.,3149,1092
3150,Sismik,3150,1093
3151,ecojo,3151,1094
3152,Nomor,3152,1095
3153,nicefbdog,3153,1096
3154,Kenran,3154,1097
3155,firebird,3155,1098
3158,Veve,3158,1099
3159,SuperDéfi,3159,1100
3160,solo,3160,1101
3161,nouflor,3161,1102
3162,emedef,3162,1103
3163,wizz50,3163,1104
3165,samleki,3165,1105
3166,aya1982,3166,1106
3167,Nepomucene,3167,1107
3170,Illuminatus,3170,1108
3181,Vince-squall,3181,1109
3188,lonte,3188,1110
3189,Asthaniel,3189,1111
3190,naobreizh,3190,1112
3191,JiF,3191,1113
3193,vik,3193,1114
3194,Jabberwock,3194,1115
3195,toustous,3195,1116
3196,stefdroop,3196,1117
3197,sbeuh,3197,1118
3198,Schastar,3198,1119
3199,God Vador,3199,1120
3200,Kat999,3200,1121
3201,Hellvlad,3201,1122
3202,Billy ze Chick,3202,1123
3203,pantoufle,3203,1124
3205,Deadplayer,3205,1125
3206,gecko,3206,1126
3211,krassouille,3211,1127
3228,Morkaï le Fou,3228,1128
3230,Sequoia,3230,1129
3231,Yoker,3231,1130
3232,bgi31,3232,1131
3233,thonywood,3233,1132
3234,nicobbg,3234,1133
3235,angelben56,3235,1134
3236,Lucide,3236,1135
3237,Toma021,3237,1136
3238,Agravain,3238,1137
3239,tipim,3239,1138
3241,Colargol67,3241,1139
3242,lkz,3242,1140
3250,kMas,3250,1141
3276,julmax,3276,1142
3278,Begon37,3278,1143
3280,petitprince67,3280,1144
3289,Odal,3289,1145
3302,Psykedelice,3302,1146
3303,ziwzaw,3303,1147
3304,lamagie,3304,1148
3306,supercoincoin,3306,1149
3307,scrotum_and_gogol,3307,1150
3328,Blackssad,3328,1151
3329,didier_adasoc,3329,1152
3330,paul moud ubid,3330,1153
3331,Air,3331,1154
3332,Finkel,3332,1155
3333,Fox,3333,1156
3334,ThierryW,3334,1157
3335,Lsk,3335,1158
3336,Ruben,3336,1159
3337,Railroader,3337,1160
3338,retuono,3338,1161
3339,chouille,3339,1162
3340,mimilehobbit,3340,1163
3341,jusdenmel,3341,1164
3343,Lilek,3343,1165
3344,Malssenay,3344,1166
3346,marreco,3346,1167
3347,pjmmpTmp,3347,1168
3363,AzardG,3363,1169
3366,morris_toc,3366,1170
3367,Oi-Lionheart,3367,1171
3368,Sylvain.Roche,3368,1172
3370,daroul,3370,1173
3371,charlo,3371,1174
3378,Cysterion,3378,1175
3379,Captain Cavern,3379,1176
3380,glen,3380,1177
3382,Dossol,3382,1178
3384,yuhhh45,3384,1179
3385,rhoderine,3385,1180
3388,quirk,3388,1181
3389,nalaf,3389,1182
3390,MrMojo,3390,1183
3393,Julped,3393,1184
3395,patpar,3395,1185
3397,Gloisin,3397,1186
3404,snarfsnarf,3404,1187
3406,Quilicus,3406,1188
3408,cyberba,3408,1189
3409,Hornak,3409,1190
3412,Simbajan,3412,1191
3413,sherakan,3413,1192
3427,nim,3427,1193
3428,pééétrick,3428,1194
3429,domph127,3429,1195
3430,Maki Maki,3430,1196
3431,joujoux,3431,1197
3432,cbp,3432,1198
3433,Davy,3433,1199
3434,GEGE23,3434,1200
3435,Simple player,3435,1201
3436,mariethierry,3436,1202
3437,Le Drogué,3437,1203
3438,Radek,3438,1204
3439,tonton zimzamzoum,3439,1205
3440,Scarabée,3440,1206
3443,Mentalo,3443,1207
3445,plonx,3445,1208
3446,krounette,3446,1209
3449,Shingooz,3449,1210
3452,Cartoman,3452,1211
3453,vinced,3453,1212
3457,thibothib29,3457,1213
3467,Rob1desbois,3467,1214
3468,MrDindon,3468,1215
3486,homere5,3486,1216
3503,Amadis,3503,1217
3513,Flugubluk,3513,1218
3516,remi40k,3516,1219
3517,Tibiscui,3517,1220
3518,Martianlegacy,3518,1221
3519,tubularfab,3519,1222
3520,Diablange,3520,1223
3521,poup',3521,1224
3522,Rosti,3522,1225
3524,yugg,3524,1226
3544,teletactica,3544,1227
3545,Ricoco92,3545,1228
3546,Aquarius80,3546,1229
3559,Sieverth21,3559,1230
3573,McQueen,3573,1231
3574,mildaene,3574,1232
3575,BackDraft,3575,1233
3576,jmlerhum,3576,1234
3577,alighieri,3577,1235
3581,Styrefr,3581,1236
3582,bounet_des_forêts,3582,1237
3592,polo_deepdelver,3592,1238
3596,xqwix,3596,1239
3597,LeRefuseur,3597,1240
3598,philou,3598,1241
3599,Fredwin,3599,1242
3600,zinv,3600,1243
3601,guizoguille,3601,1244
3602,dcdp,3602,1245
3603,Solto,3603,1246
3604,fcorpace,3604,1247
3605,R2,3605,1248
3606,Drenghbar,3606,1249
3607,Valois de Monfaucon,3607,1250
3608,Yoda,3608,1251
3609,Le roi-sorcier,3609,1252
3610,alexander37,3610,1253
3611,bibirico,3611,1254
3612,IBashar,3612,1255
3613,copyright,3613,1256
3614,LgS,3614,1257
3615,rickyboom,3615,1258
3626,genesteal,3626,1259
3627,tommyyy,3627,1260
3628,CyrC,3628,1261
3630,CheeseGeek,3630,1262
3631,88,3631,1263
3632,cartensac,3632,1264
3633,Jim,3633,1265
3634,jap,3634,1266
3639,6gale,3639,1267
3640,Youps,3640,1268
3641,Nelijah,3641,1269
3645,topkewl,3645,1270
3646,Arkhanor,3646,1271
3670,surame,3670,1272
3671,arthemix,3671,1273
3672,hrvlef,3672,1274
3673,Kumo-Hogosha,3673,1275
3676,Le Guy,3676,1276
3677,Takerico,3677,1277
3680,jmwicked,3680,1278
3681,Yaourth,3681,1279
3682,Ara Qui Rit,3682,1280
3683,cleck,3683,1281
3684,Dgigiou,3684,1282
3685,azds,3685,1283
3687,Ka-Cha,3687,1284
3688,papy bloutch,3688,1285
3720,Heuhh,3720,1286
3721,Ithir,3721,1287
3722,kiwizz,3722,1288
3723,Sulfur-e,3723,1289
3724,john_randalf,3724,1290
3725,owenix,3725,1291
3726,Thran,3726,1292
3727,jejam2808,3727,1293
3728,cleobule,3728,1294
3729,Thengen,3729,1295
3730,Nathayla,3730,1296
3731,Hésiarque,3731,1297
3732,PaB,3732,1298
3734,krka,3734,1299
3762,tidoltibo,3762,1300
3763,varkarg,3763,1301
3764,paulax,3764,1302
3765,Mirs,3765,1303
3766,cazito,3766,1304
3767,Tourbillon,3767,1305
3768,Ange Noire,3768,1306
3769,austen,3769,1307
3772,shamalo,3772,1308
3784,Picrabey,3784,1309
3785,Frère Tuck927,3785,1310
3786,Imar,3786,1311
3799,angelo,3799,1312
3800,MrGirafe,3800,1313
3801,diabolijeje,3801,1314
3802,Fafou,3802,1315
3803,dadoudadou42,3803,1316
3804,kristouf,3804,1317
3805,Seito,3805,1318
3806,Lokantl,3806,1319
3809,purpleraider,3809,1320
3810,eternaldoudou,3810,1321
3812,etan88,3812,1322
3814,PierreYves,3814,1323
3815,intelline,3815,1324
3816,djos,3816,1325
3836,mouts,3836,1326
3837,Silk,3837,1327
3838,bastif,3838,1328
3839,cybre,3839,1329
3840,iba,3840,1330
3841,choupou,3841,1331
3843,LaMéduseBlanche,3843,1332
3847,Serval.,3847,1333
3851,Red Player,3851,1334
3852,Elmay,3852,1335
3854,FranckL,3854,1336
3855,gruxxki,3855,1337
3856,Duda,3856,1338
3857,Worro7,3857,1339
3859,barbujoue,3859,1340
3866,Kik,3866,1341
3869,coyote bleu,3869,1342
3875,rackam,3875,1343
3878,Zombivins37Tmp,3878,1344
3886,Ome,3886,1345
3887,elyloo,3887,1346
3888,solomayor,3888,1347
3895,Lincal,3895,1348
3896,cladounet,3896,1349
3900,Yannik,3900,1350
3916,Masathyr,3916,1351
3918,Doux,3918,1352
3919,Pylou,3919,1353
3923,Zaroff,3923,1354
3931,stam48,3931,1355
3932,Jarlaath,3932,1356
3933,Matthieu PODEVIN,3933,1357
3934,Flavien,3934,1358
3935,La Pugne,3935,1359
3936,shadow nemo,3936,1360
3937,ijoufamily,3937,1361
3940,20.100,3940,1362
3941,Shouper,3941,1363
3943,Teia,3943,1364
3962,Ominae,3962,1365
3963,Sage,3963,1366
3967,Choubi Gogs,3967,1367
3976,Schuk,3976,1368
3985,elmek,3985,1369
3986,Predator,3986,1370
3987,jealouskain,3987,1371
3988,Faluin,3988,1372
3989,babman9,3989,1373
4006,Chucks,4006,1374
4007,carona,4007,1375
4008,le roublard,4008,1376
4010,Soon-Tsoo,4010,1377
4012,tonvoisin,4012,1378
4016,Elmios,4016,1379
4017,sly,4017,1380
4025,frayaka,4025,1381
4038,micha,4038,1382
4039,clas,4039,1383
4045,JudgeWhyMe,4045,1384
4049,Vilou,4049,1385
4059,Emlyn,4059,1386
4060,mamamia,4060,1387
4062,KevinL,4062,1388
4063,Hamilcar,4063,1389
4064,NeoFitz,4064,1390
4065,Bad Kam,4065,1391
4066,Karadoc,4066,1392
4075,saule,4075,1393
4076,jlamouche,4076,1394
4079,FamilleSchodet,4079,1395
4082,pafacil,4082,1396
4091,Gecko63,4091,1397
4101,MonsieurDé,4101,1398
4106,Basileus33,4106,1399
4109,caien,4109,1400
4121,Enigmatik,4121,1401
4126,AL1,4126,1402
4127,EngagelejeuQuejelegagnE,4127,1403
4128,lesendar,4128,1404
4129,thiex,4129,1405
4131,maxlavigne,4131,1406
4132,pierre.f,4132,1407
4133,dexacke,4133,1408
4134,Golgoth_Be,4134,1409
4136,Mecreant,4136,1410
4140,Fadest,4140,1411
4141,Budnic,4141,1412
4142,witloof,4142,1413
4143,Burlington,4143,1414
4144,martin,4144,1415
4145,égécriéaline,4145,1416
4147,sweetcheeks,4147,1417
4148,Hakuin,4148,1418
4156,onikage31,4156,1419
4162,MajinJérémy,4162,1420
4163,nathanfarmer,4163,1421
4164,Hakkrat,4164,1422
4165,liam75005,4165,1423
4167,MathGon,4167,1424
4170,toolaba,4170,1425
4190,Okami_21,4190,1426
4202,pyfou,4202,1427
4204,asinoa,4204,1428
4206,dom062,4206,1429
4207,Woodpusher,4207,1430
4225,Akané,4225,1431
4227,Darigaaz,4227,1432
4228,Magicgeek123,4228,1433
4230,monsieur_cube,4230,1434
4232,ElRen,4232,1435
4233,dasbor,4233,1436
4235,viking,4235,1437
4239,bnj,4239,1438
4256,bonobo,4256,1439
4257,thire,4257,1440
4268,djbenp,4268,1441
4269,Baylock,4269,1442
4279,movezerb,4279,1443
4280,Pipoboy,4280,1444
4285,Blodkhag,4285,1445
4291,Eminence Grise,4291,1446
4299,gavril,4299,1447
4301,Leonidas300,4301,1448
4315,Romaric,4315,1449
4321,aurelh,4321,1450
4322,L'avis d'une fille,4322,1451
4325,Gloomy,4325,1452
4328,jbt,4328,1453
4329,nut,4329,1454
4330,silenttimo,4330,1455
4331,Ren,4331,1456
4332,flaminius,4332,1457
4333,Flamme tranquille,4333,1458
4334,Mazdari,4334,1459
4335,julien24,4335,1460
4336,yackonline,4336,1461
4337,LeYo,4337,1462
4338,kumagron,4338,1463
4339,joyau d'amour,4339,1464
4340,spifflespationaute,4340,1465
4341,Heropon,4341,1466
4343,akarix,4343,1467
4344,Buffin Pierre,4344,1468
4345,ludicnic77,4345,1469
4353,Shaac,4353,1470
4368,jc_ds,4368,1471
4373,Sala,4373,1472
4376,seetam,4376,1473
4378,tom_1978,4378,1474
4379,Vinzard,4379,1475
4380,zangui-F,4380,1476
4381,sangohan357,4381,1477
4383,harmonius,4383,1478
4384,lic17,4384,1479
4388,kouynemum,4388,1480
4391,Olfenw,4391,1481
4402,knackyboule,4402,1482
4403,Nânâ_54,4403,1483
4404,cosmocrator,4404,1484
4405,franciscodelavargez,4405,1485
4406,garmonbozia,4406,1486
4418,patphiphi,4418,1487
4429,Narsir,4429,1488
4430,Chewy203,4430,1489
4431,Dori,4431,1490
4460,michely,4460,1491
4470,Selguer,4470,1492
4474,Ludotheque Planete Jeux,4474,1493
4475,David_Fairplay_Mulhouse,4475,1494
4476,Match,4476,1495
4483,FiReTiTi,4483,1496
4494,pakobiblio76,4494,1497
4496,Bizniouf,4496,1498
4497,Le Tentacule,4497,1499
4498,TaKo CrAsH,4498,1500
4499,Bart,4499,1501
4500,Olivier WARNIER,4500,1502
4501,ixav,4501,1503
4502,mortis,4502,1504
4504,Mad31,4504,1505
4509,elv,4509,1506
4510,tagadajones,4510,1507
4511,throud,4511,1508
4512,Undead Grumly,4512,1509
4516,Romzering,4516,1510
4526,Maribou,4526,1511
4528,la_toupie,4528,1512
4533,Lafcadio,4533,1513
4541,Metamorph,4541,1514
4542,Loder,4542,1515
4543,elizabet,4543,1516
4544,minostel,4544,1517
4545,kokotte,4545,1518
4546,djbi,4546,1519
4547,Kerien,4547,1520
4555,Lemalin,4555,1521
4556,themad2068fr,4556,1522
4559,alex_r77,4559,1523
4560,Xian9x,4560,1524
4562,kaspar,4562,1525
4572,celldevil,4572,1526
4574,pechu,4574,1527
4575,joe bar team,4575,1528
4582,emash311,4582,1529
4584,barraie,4584,1530
4594,mouton,4594,1531
4595,toooooof,4595,1532
4596,Silvano,4596,1533
4597,oeildetigre69,4597,1534
4604,seblagro801,4604,1535
4612,20cil,4612,1536
4625,LOGAN31,4625,1537
4626,Ludovictoire,4626,1538
4627,frankyone,4627,1539
4628,Aribeth,4628,1540
4629,maester,4629,1541
4630,bonhias,4630,1542
4638,lepetitbreton,4638,1543
4639,Benoit,4639,1544
4642,luc,4642,1545
4649,dYnkYn,4649,1546
4657,Roft877,4657,1547
4660,Brain,4660,1548
4661,Teproc,4661,1549
4662,Shortman,4662,1550
4665,lanigonus,4665,1551
4666,jtrourke,4666,1552
4678,Léon_Macska,4678,1553
4683,TahitianGabriel,4683,1554
4684,prosiant,4684,1555
4696,cecenat,4696,1556
4706,Ryuken,4706,1557
4707,Cortoliv,4707,1558
4708,tetram,4708,1559
4709,Zebinho,4709,1560
4710,Haravas,4710,1561
4712,Kikokuki,4712,1562
4720,mauvaijoueur,4720,1563
4721,violette,4721,1564
4722,Alscion,4722,1565
4724,JNerk,4724,1566
4725,Ange noir,4725,1567
4726,marc29,4726,1568
4730,Karkadeia,4730,1569
4734,morigaan,4734,1570
4735,Max59,4735,1571
4747,R1D1,4747,1572
4748,taliesin538,4748,1573
4749,loïc,4749,1574
4750,bozo,4750,1575
4754,Turlupin,4754,1576
4758,Milouz,4758,1577
4759,zharg le borgne,4759,1578
4769,Bangoo,4769,1579
4790,scorion,4790,1580
4803,wildwillo007,4803,1581
4804,Facedemonge,4804,1582
4808,golgaut,4808,1583
4809,Nilleshna,4809,1584
4811,Controlatort,4811,1585
4812,Laidzep,4812,1586
4813,ruari,4813,1587
4815,Martinmanuel,4815,1588
4816,arcaen,4816,1589
4820,punko,4820,1590
4824,dicapa,4824,1591
4828,Bruno des Montagnes,4828,1592
4829,Väinämöinen,4829,1593
4853,warriorban,4853,1594
4854,Modeste et Génial,4854,1595
4856,Warker,4856,1596
4860,Choll,4860,1597
4896,jean²,4896,1598
4901,gaelle,4901,1599
4902,Belial,4902,1600
4903,eristoffab,4903,1601
4904,Bardaf,4904,1602
4905,orca1007,4905,1603
4906,irfanleheros,4906,1604
4907,Chamois,4907,1605
4908,Abyss,4908,1606
4909,Nicoperfield,4909,1607
4911,tarti,4911,1608
4912,bragon,4912,1609
4918,Khorbier,4918,1610
4923,Franath,4923,1611
4924,JA,4924,1612
4930,mbru,4930,1613
4931,§Gama§,4931,1614
4932,Sylis,4932,1615
4933,jfmagic16,4933,1616
4934,Limbo,4934,1617
4942,jlm,4942,1618
4957,Peach,4957,1619
4974,jesuismonsieurb,4974,1620
4979,Xbug-pirate,4979,1621
4980,groscouic,4980,1622
4981,CassBeck,4981,1623
4982,Funny Boy,4982,1624
4983,Leoni,4983,1625
5011,Bertrand Lecomte,5011,1626
5012,*FitzChevalerie*,5012,1627
5014,Pienpien,5014,1628
5019,IVORY,5019,1629
5020,Yusiborg,5020,1630
5039,NikoII !,5039,1631
5050,Célynn&Arno,5050,1632
5053,PioT,5053,1633
5067,tchernopuss,5067,1634
5068,Monsieur Garaic,5068,1635
5088,therionreg,5088,1636
5100,olive.64,5100,1637
5101,Mr Gruiiiik,5101,1638
5103,Iulius,5103,1639
5105,dartman,5105,1640
5106,Benitoren,5106,1641
5107,LorDjidane,5107,1642
5110,mélyne,5110,1643
5111,Aëlwyn,5111,1644
5118,Arhaa,5118,1645
5120,biomnu,5120,1646
5121,Mr Girafe,5121,1647
5122,saintvdb,5122,1648
5125,Djaian,5125,1649
5126,Ludonaute,5126,1650
5127,promethee2505,5127,1651
5128,Khan,5128,1652
5129,jeujou,5129,1653
5136,Yop2danone,5136,1654
5147,Ezekiel76,5147,1655
5149,foudejeux,5149,1656
5161,Tibor_fr,5161,1657
5162,SamuelMarianne,5162,1658
5171,rosebud,5171,1659
5172,Arista,5172,1660
5173,Bushinone,5173,1661
5174,Caecyll,5174,1662
5193,alandju,5193,1663
5196,trinitron2005,5196,1664
5205,smarties,5205,1665
5207,vwvw,5207,1666
5209,Savman,5209,1667
5210,chevelu60,5210,1668
5216,fdubois,5216,1669
5218,MichaelD,5218,1670
5232,Bigornot,5232,1671
5234,tehem,5234,1672
5235,Luleas,5235,1673
5237,b_audolino,5237,1674
5240,Mathias,5240,1675
5263,Petitbabe,5263,1676
5268,Mat,5268,1677
5277,SEb.,5277,1678
5278,David Vincent,5278,1679
5279,Espinha de Bacalhau,5279,1680
5281,Chiff,5281,1681
5282,rakam,5282,1682
5283,Jerôme D'entrelacs,5283,1683
5284,draich,5284,1684
5285,Galloo,5285,1685
5289,LudoTitom,5289,1686
5300,rescue_catTmp,5300,1687
5302,SFG,5302,1688
5304,xavier44,5304,1689
5305,Takumi13,5305,1690
5306,kodama,5306,1691
5308,sbedhy,5308,1692
5320,lau,5320,1693
5335,king of ze tapenade,5335,1694
5336,caesar68,5336,1695
5343,laupial,5343,1696
5344,guzmania,5344,1697
5349,gizzmo82,5349,1698
5350,loloraclette,5350,1699
5351,striper_oz,5351,1700
5353,coco7577,5353,1701
5355,Elius,5355,1702
5366,greatti,5366,1703
5367,Babatranxen,5367,1704
5370,samylatortue,5370,1705
5372,Rouskoff,5372,1706
5385,coch,5385,1707
5391,Tilion,5391,1708
5517,mutation,5517,1709
5518,Guimo,5518,1710
5519,artless,5519,1711
5520,rvguegn,5520,1712
5581,Homo Ludens,5581,1713
5625,adinx,5625,1714
5709,Niwarat,5709,1715
5710,LutinRouge,5710,1716
5749,rédemptrice,5749,1717
5787,reits,5787,1718
5849,mystique_sylvin@msn.com,5849,1719
5909,beleg26,5909,1720
5926,shingouz,5926,1721
5927,atosinin,5927,1722
5960,mearbel2,5960,1723
5979,Kola,5979,1724
6031,MrYan,6031,1725
6052,Misou,6052,1726
6053,vool,6053,1727
6054,Karamazov182,6054,1728
6055,cooltea,6055,1729
6059,petitcornu,6059,1730
6072,Oliv,6072,1731
6073,Les désrangés de la boite,6073,1732
6074,Raphy,6074,1733
6076,LeBouffon,6076,1734
6078,rafywell,6078,1735
6080,cheureul,6080,1736
6113,nemocorp,6113,1737
6114,llouis,6114,1738
6132,LaTomate,6132,1739
6144,Tchols,6144,1740
6145,thobil-7,6145,1741
6146,Jérémy,6146,1742
6148,tartiflettas,6148,1743
6149,nidamours,6149,1744
6151,gagagaga37,6151,1745
6156,Deratiseur,6156,1746
6157,touriste,6157,1747
6159,jdb,6159,1748
6160,AqME,6160,1749
6161,jahsoldier,6161,1750
6172,blowjobaddict,6172,1751
6176,Giom Beuz,6176,1752
6177,lorenzo,6177,1753
6204,titou88,6204,1754
6205,pariscatimini,6205,1755
6206,flame.alchemist,6206,1756
6285,Jajaguy,6285,1757
6306,MrPatate,6306,1758
6310,Syl,6310,1759
6311,Godferdom,6311,1760
6312,T-Bow,6312,1761
6313,fatmax66bis,6313,1762
6316,Hachman,6316,1763
6329,Warp,6329,1764
6330,Kyrio,6330,1765
6340,Koban,6340,1766
6366,TKpalace,6366,1767
6386,bleucyn73,6386,1768
6388,cham,6388,1769
6389,amazingjj,6389,1770
6410,Djadja,6410,1771
6422,doubleKO,6422,1772
6431,Mordred,6431,1773
6445,Mr broque,6445,1774
6446,hpascal,6446,1775
6448,Docteur_B,6448,1776
6452,mrsinistre,6452,1777
6475,LPmangas,6475,1778
6476,Kit,6476,1779
6497,cystreviel,6497,1780
6514,aramil,6514,1781
6526,melkisedek,6526,1782
6537,ayor2433,6537,1783
6538,GuaW,6538,1784
6539,TChris,6539,1785
6540,Raegan,6540,1786
6582,Murphy,6582,1787
6591,jcf84,6591,1788
6595,kilpaddle,6595,1789
6607,RamirElez,6607,1790
6608,Gigis,6608,1791
6612,CastorTroy,6612,1792
6618,shroomz,6618,1793
6619,charlou,6619,1794
6620,Flubuh,6620,1795
6651,Kristover,6651,1796
6656,_boreale_Tmp,6656,1797
6680,Kumulo,6680,1798
6685,lapja,6685,1799
6686,gemile_77,6686,1800
6687,Jarkus,6687,1801
6691,Frisconet,6691,1802
6704,gregy12,6704,1803
6706,Axellion,6706,1804
6707,JeSuisUneFougere,6707,1805
6715,ksong.l,6715,1806
6729,chucklinus,6729,1807
6730,Smart,6730,1808
6731,Dicentime,6731,1809
6732,coincoin,6732,1810
6735,judegrb,6735,1811
6739,XTof,6739,1812
6750,manuwii,6750,1813
6751,golgerif!!!,6751,1814
6752,goupil,6752,1815
6770,L.S.G.,6770,1816
6783,cdelaforge,6783,1817
6818,Mahg874,6818,1818
6823,pink,6823,1819
6824,nargabulle,6824,1820
6825,Ben,6825,1821
6827,Le nain Attila,6827,1822
6846,Holy Fool,6846,1823
6858,dead_meat,6858,1824
6860,tong,6860,1825
6887,fredohg,6887,1826
6888,Nocturne,6888,1827
6889,kan-d,6889,1828
6899,Gaetbe,6899,1829
6902,patvev,6902,1830
6924,cisou,6924,1831
6930,vince47,6930,1832
6935,mouxounet,6935,1833
6948,Hérøn,6948,1834
6949,Golgloth,6949,1835
6951,mathieu108,6951,1836
6961,MadTotoro,6961,1837
6963,Shy,6963,1838
6978,Le_Dav,6978,1839
6989,chocoborama,6989,1840
6998,machicoolie,6998,1841
7000,lyra,7000,1842
7018,Baalou,7018,1843
7020,Adrezo,7020,1844
7021,spidermatth,7021,1845
7042,3dman,7042,1846
7052,Ramirez,7052,1847
7061,baselunaire,7061,1848
7062,Gente dame Séli,7062,1849
7068,filouvadrouille,7068,1850
7082,Calacirya,7082,1851
7095,Neose,7095,1852
7162,Flapy,7162,1853
7185,lord diablotine,7185,1854
7188,Gametourix,7188,1855
7198,Skipy,7198,1856
7215,Daelerin,7215,1857
7259,jezekiel,7259,1858
7260,Shalmeneser,7260,1859
7262,Wojames,7262,1860
7263,Eken,7263,1861
7293,alain13,7293,1862
7294,zacc63,7294,1863
7302,link09,7302,1864
7314,Cyrillik,7314,1865
7315,Thomas Provoost,7315,1866
7317,Darcvadehors,7317,1867
7319,romG,7319,1868
7324,skrol29,7324,1869
7337,libertyord,7337,1870
7340,sly59,7340,1871
7341,dalain,7341,1872
7349,berunours,7349,1873
7351,roudy34,7351,1874
7390,prosper_74,7390,1875
7399,Oneiros,7399,1876
7405,julk,7405,1877
7407,draco test,7407,1878
7422,Seb35,7422,1879
7443,Gilou,7443,1880
7452,GrandMiam,7452,1881
7453,Geko95,7453,1882
7454,Maunyves,7454,1883
7489,ricolenoich,7489,1884
7490,toutoune,7490,1885
7491,mcdaube,7491,1886
7506,burningwolf,7506,1887
7564,bediv,7564,1888
7566,devedj,7566,1889
7573,Scoubi,7573,1890
7574,H_o_b_b_e_s,7574,1891
7597,stanpower37,7597,1892
7599,All-Lud,7599,1893
7625,chonbou,7625,1894
7690,Tristan,7690,1895
7729,TEAM TIM,7729,1896
7845,Funkyflexbaba,7845,1897
7848,Manfred,7848,1898
7878,yolace,7878,1899
7925,Etheria,7925,1900
7988,lionisse,7988,1901
8007,daseed,8007,1902
8018,brenze,8018,1903
8019,Paul Atréides,8019,1904
8028,Hardork,8028,1905
8061,obeeone,8061,1906
8095,ticoche,8095,1907
8101,Waly,8101,1908
8102,ograville,8102,1909
8104,Groovy,8104,1910
8155,Langue de Serpent,8155,1911
8174,estelle,8174,1912
8175,tofr,8175,1913
8186,Zazou,8186,1914
8296,sgtbigigi,8296,1915
8297,Or-Azur,8297,1916
8322,La Rouquine,8322,1917
8325,WereWolf,8325,1918
8326,antoine_alice,8326,1919
8354,samy38,8354,1920
8362,Kundin,8362,1921
8363,mahjong,8363,1922
8383,trinkon,8383,1923
8384,draouch neche,8384,1924
8404,arfman,8404,1925
8474,chonch,8474,1926
8492,brachius,8492,1927
8552,aldwin,8552,1928
8576,lestat38,8576,1929
8598,quinteflush,8598,1930
8604,Douchka,8604,1931
8681,FredFan,8681,1932
8717,mikube,8717,1933
8883,doudou2804,8883,1934
8993,grouik,8993,1935
9011,t.hubert,9011,1936
9066,ourson91,9066,1937
9290,Axelus,9290,1938
9433,sambre,9433,1939
9509,Ron de Noircastel,9509,1940
9583,glutinus,9583,1941
9596,djomanix,9596,1942
9701,Fabrice,9701,1943
9965,tarzh-kurun,9965,1944
